BCF Description,BCF Link,BCF Price,BCF Club Price
"Nomad Spinning Rod 7ft 2in, 10LB-20LB",https://www.bcf.com.au/p/nomad-spinning-rod-7ft-2in-10lb-20lb/606947.html?cgid=BCF0305,$279.99,
Shimano Speedmaster Overhead Rod,https://www.bcf.com.au/p/shimano-speedmaster-overhead-rod/M618947.html?cgid=BCF0305,$479.99 - $529.99,
Shimano Grappler Type J Overhead Rod 6ft PE4,https://www.bcf.com.au/p/shimano-grappler-type-j-overhead-rod-6ft-pe4/M604936.html?cgid=BCF0305,$519.99,
Samaki Vanquish Jig Baitcaster Rod 6ft 3in,https://www.bcf.com.au/p/samaki-vanquish-jig-baitcaster-rod-6ft-3in/M643765.html?cgid=BCF0305,$299.99,
NS Black Hole Amped II Overhead Jigging Rod 6ft 4in PE3-5,https://www.bcf.com.au/p/ns-black-hole-amped-ii-overhead-jigging-rod-6ft-4in-pe3-5/621285.html?cgid=BCF0305,$234.99,
Nomad Spinning Rod Slow Jig 6ft 3in PE 10lb-30lb,https://www.bcf.com.au/p/nomad-spinning-rod-slow-jig-6ft-3in-pe-10lb-30lb/644844.html?cgid=BCF0305,$289.99,
"Nomad Spinning Rod 6ft, PE3-5 30LB-65LB",https://www.bcf.com.au/p/nomad-spinning-rod-6ft-pe3-5-30lb-65lb/606939.html?cgid=BCF0305,$369.99,
Wilson Live Fibre Jig Overhead Rod 6ft 6in 10-15kg,https://www.bcf.com.au/p/wilson-live-fibre-jig-overhead-rod-6ft-6in-10-15kg/303104.html?cgid=BCF0305,$299.99,
Daiwa 22 BG Bluewater Overhead Rod,https://www.bcf.com.au/p/daiwa-22-bg-bluewater-overhead-rod/M635430.html?cgid=BCF0305,$129.99,
Abu Garcia Veritas Jig Spinning Rod,https://www.bcf.com.au/p/abu-garcia-veritas-jig-spinning-rod/M648900.html?cgid=BCF0305,$159.99,
TT Copper Head Baitcaster Rod,https://www.bcf.com.au/p/tt-copper-head-baitcaster-rod/M663930.html?cgid=BCF0305,$129.99 - $139.99,
Surecatch Bigfield Surf Rod 10ft 6in 2pce,https://www.bcf.com.au/p/surecatch-bigfield-surf-rod-10ft-6in-2pce/112113.html?cgid=BCF0305,$49.99,
Samaki Vanquish Spinning Rod,https://www.bcf.com.au/p/samaki-vanquish-spinning-rod/M643743.html?cgid=BCF0305,$299.99 - $499.99,
Ocean's Legacy Stinger Slow Jig Overhead Rod 6ft 2in,https://www.bcf.com.au/p/oceans-legacy-stinger-slow-jig-overhead-rod-6ft-2in/M663976.html?cgid=BCF0305,$299.99,
Samaki C12 V3 Baitcaster Rod,https://www.bcf.com.au/p/samaki-c12-v3-baitcaster-rod/M662331.html?cgid=BCF0305,$399.99 - $429.99,
Shimano Rod Wrap,https://www.bcf.com.au/p/shimano-rod-wrap/M415323.html?cgid=BCF0305,$14.99,
Abu Garcia Salty Stage KRX II Baitcaster Rod,https://www.bcf.com.au/p/abu-garcia-salty-stage-krx-ii-baitcaster-rod/M648896.html?cgid=BCF0305,$279.99,
"Nomad Overhead Rod 6ft, PE4-6 40LB-80LB",https://www.bcf.com.au/p/nomad-overhead-rod-6ft-pe4-6-40lb-80lb/606941.html?cgid=BCF0305,$389.99,
Samaki Vanquish Overhead Rod,https://www.bcf.com.au/p/samaki-vanquish-overhead-rod/M643746.html?cgid=BCF0305,$329.99 - $359.99,
"Nomad Spinning Rod 8ft 3in, PE5-8 50LB-80LB",https://www.bcf.com.au/p/nomad-spinning-rod-8ft-3in-pe5-8-50lb-80lb/606943.html?cgid=BCF0305,$579.99,
Wilson Venom Overhead Jig Rod  5'5,https://www.bcf.com.au/p/wilson-venom-overhead-jig-rod--55/M591288.html?cgid=BCF0305,$564.99 - $589.99,
"Nomad Spinning Rod 7ft 8in, PE4-6 40LB-65LB",https://www.bcf.com.au/p/nomad-spinning-rod-7ft-8in-pe4-6-40lb-65lb/606942.html?cgid=BCF0305,$499.99,
Nomad Spinning Rod Offshore 7ft 4in PE1-2 20lb-40lb,https://www.bcf.com.au/p/nomad-spinning-rod-offshore-7ft-4in-pe1-2-20lb-40lb/644841.html?cgid=BCF0305,$419.99,
Daiwa Demon Blood Overhead Rod,https://www.bcf.com.au/p/daiwa-demon-blood-overhead-rod/M613063.html?cgid=BCF0305,$399.99,
Shimano Game Type J Overhead Rod,https://www.bcf.com.au/p/shimano-game-type-j-overhead-rod/M618952.html?cgid=BCF0305,$599.99,
Assassin Vector Drone Surf Rod Heavy 12ft 6in,https://www.bcf.com.au/p/assassin-vector-drone-surf-rod-heavy-12ft-6in/667513.html?cgid=BCF0305,$629.99,
Wilson Live Fibre Surf Rod 10ft 6in 2pce,https://www.bcf.com.au/p/wilson-live-fibre-surf-rod-10ft-6in-2pce/303065.html?cgid=BCF0305,$229.99,
Abu Garcia Veritas Jig Overhead Rod,https://www.bcf.com.au/p/abu-garcia-veritas-jig-overhead-rod/M648952.html?cgid=BCF0305,$159.99,
Mastergrip HD Blue Rod Bucket,https://www.bcf.com.au/p/mastergrip-hd-blue-rod-bucket/667496.html?cgid=BCF0305,$59.99,
"Nomad Spinning Rod 7ft 8in, PE8 80LB-100LB",https://www.bcf.com.au/p/nomad-spinning-rod-7ft-8in-pe8-80lb-100lb/606944.html?cgid=BCF0305,$579.99,
"Nomad Spinning Rod 6ft, PE5-8 50LB-100LB",https://www.bcf.com.au/p/nomad-spinning-rod-6ft-pe5-8-50lb-100lb/606940.html?cgid=BCF0305,$419.99,
"Nomad Spinning Rod 6ft 2in, PE2-3 20LB-40LB",https://www.bcf.com.au/p/nomad-spinning-rod-6ft-2in-pe2-3-20lb-40lb/606938.html?cgid=BCF0305,$369.99,
Bone Ocean Thug Jigging Overhead Rod,https://www.bcf.com.au/p/bone-ocean-thug-jigging-overhead-rod/M662306.html?cgid=BCF0305,$319.99,
Bone Ocean Thug Jigging Spinning Rod,https://www.bcf.com.au/p/bone-ocean-thug-jigging-spinning-rod/M662308.html?cgid=BCF0305,$309.99,
Pryml Hook and Lure Holder 5pc,https://www.bcf.com.au/p/pryml-hook-and-lure-holder-5pc/553722.html?cgid=BCF0305,$5.99,
Wilson Live Fibre Overhead Rod 6'6,https://www.bcf.com.au/p/wilson-live-fibre-overhead-rod-66/M591315.html?cgid=BCF0305,$239.99,
Surecatch Bigfield Spinning Rod 9ft 2 Piece,https://www.bcf.com.au/p/surecatch-bigfield-spinning-rod-9ft-2-piece/112120.html?cgid=BCF0305,$49.99,
Shimano Tiagra Hyper Bent Butt Overhead Game Rod,https://www.bcf.com.au/p/shimano-tiagra-hyper-bent-butt-overhead-game-rod/624135.html?cgid=BCF0305,$799.99,
PENN Ocean Assassin Overhead Rod,https://www.bcf.com.au/p/penn-ocean-assassin-overhead-rod/M645235.html?cgid=BCF0305,$299.99,
Daiwa 20 TD Saltwater Overhead  Rod,https://www.bcf.com.au/p/daiwa-20-td-saltwater-overhead--rod/M605502.html?cgid=BCF0305,$179.99,$143.99
Wilson Venom Spin Switch Bait Rod 6'5,https://www.bcf.com.au/p/wilson-venom-spin-switch-bait-rod-65/591311.html?cgid=BCF0305,$659.99,
Wilson Venom Jig Spinning Rod 5ft6in,https://www.bcf.com.au/p/wilson-venom-jig-spinning-rod-5ft6in/576850.html?cgid=BCF0305,$639.99,
Bone Ocean Thug Light Jigging Overhead Rod 6ft,https://www.bcf.com.au/p/bone-ocean-thug-light-jigging-overhead-rod-6ft/662312.html?cgid=BCF0305,$269.99,
Silstar PowerTip Spinning Rod,https://www.bcf.com.au/p/silstar-powertip-spinning-rod/340423.html?cgid=BCF0305,$64.99,
Daiwa 20 Aird-X Spinning Rod,https://www.bcf.com.au/p/daiwa-20-aird-x-spinning-rod/M600647.html?cgid=BCF0305,$69.00 - $109.99,
Bone Combat Baitcaster Rod,https://www.bcf.com.au/p/bone-combat-baitcaster-rod/M662299.html?cgid=BCF0305,$429.99 - $509.99,
Ocean's Legacy Stinger Inshore Spinning Rod 7ft,https://www.bcf.com.au/p/oceans-legacy-stinger-inshore-spinning-rod-7ft/M663985.html?cgid=BCF0305,$329.99,
Shimano Grappler BB Overhead Rod,https://www.bcf.com.au/p/shimano-grappler-bb-overhead-rod/M611649.html?cgid=BCF0305,$329.99,
NS Black Hole Explorer Spinning Rod,https://www.bcf.com.au/p/ns-black-hole-explorer-spinning-rod/M621289.html?cgid=BCF0305,$239.99,
Shimano Tag-Em Rollered Bent Overhead Game Rod,https://www.bcf.com.au/p/shimano-tag-em-rollered-bent-overhead-game-rod/M624115.html?cgid=BCF0305,$369.99,
Wilson Venom Overhead Rod,https://www.bcf.com.au/p/wilson-venom-overhead-rod/M591304.html?cgid=BCF0305,$659.99 - $729.99,
Savage Gear Black Spinning Rod,https://www.bcf.com.au/p/savage-gear-black-spinning-rod/M390225.html?cgid=BCF0305,$95.00 - $149.99,
Daiwa 20 TD Saltwater Spinning Rod 6ft 6in PE 3,https://www.bcf.com.au/p/daiwa-20-td-saltwater-spinning-rod-6ft-6in-pe-3/605501.html?cgid=BCF0305,$95.00,
Daiwa Laguna LGC Spinning Rod,https://www.bcf.com.au/p/daiwa-laguna-lgc-spinning-rod/M581570.html?cgid=BCF0305,$45.00 - $49.00,
Samaki Zing Xtreme V2 Baitcaster Rod,https://www.bcf.com.au/p/samaki-zing-xtreme-v2-baitcaster-rod/M598627.html?cgid=BCF0305,$150.00 - $175.00,
Surecatch Bigfield Spinning Rod 10ft 6in 2 Piece,https://www.bcf.com.au/p/surecatch-bigfield-spinning-rod-10ft-6in-2-piece/112114.html?cgid=BCF0305,$49.99,
Mastergrip Padded Moulded Rod Bucket,https://www.bcf.com.au/p/mastergrip-padded-moulded-rod-bucket/667495.html?cgid=BCF0305,$39.99,
"Nomad Spinning Rod 7ft 4in, PE2-4 30LB-50LB",https://www.bcf.com.au/p/nomad-spinning-rod-7ft-4in-pe2-4-30lb-50lb/606945.html?cgid=BCF0305,$449.99,
Nomad Slow Overhead Rod,https://www.bcf.com.au/p/nomad-slow-overhead-rod/619714.html?cgid=BCF0305,$299.99,
Shimano Cranx Spinning Rod,https://www.bcf.com.au/p/shimano-cranx-spinning-rod/M564957.html?cgid=BCF0305,$100.00,
NS Black Hole Amped II Spinning Rod,https://www.bcf.com.au/p/ns-black-hole-amped-ii-spinning-rod/M589505.html?cgid=BCF0305,$110.00 - $169.99,
Daiwa TD Hyper V2 Baitcaster Rod,https://www.bcf.com.au/p/daiwa-td-hyper-v2-baitcaster-rod/M590540.html?cgid=BCF0305,$85.00,
Samaki Zing Xtreme V2 Spinning Rod,https://www.bcf.com.au/p/samaki-zing-xtreme-v2-spinning-rod/M598620.html?cgid=BCF0305,$155.00 - $269.99,
Shimano Coltsniper BB Surf Rod,https://www.bcf.com.au/p/shimano-coltsniper-bb-surf-rod/M611652.html?cgid=BCF0305,$230.00,
Ugly Stik Bluewater II Overhead Rod 5ft 6in,https://www.bcf.com.au/p/ugly-stik-bluewater-ii-overhead-rod-5ft-6in/629438.html?cgid=BCF0305,$191.99,
Shimano Grappler Type C Spinning Rod 8ft PE4,https://www.bcf.com.au/p/shimano-grappler-type-c-spinning-rod-8ft-pe4/M586850.html?cgid=BCF0305,$579.99,
"Nomad Spinning Rod 6ft 3in, PE2-4 20LB-50LB",https://www.bcf.com.au/p/nomad-spinning-rod-6ft-3in-pe2-4-20lb-50lb/606937.html?cgid=BCF0305,$299.99,
Bone Heartcore Spinning Rod,https://www.bcf.com.au/p/bone-heartcore-spinning-rod/M662254.html?cgid=BCF0305,$319.99,
"Nomad Spinning Rod 7ft 6in, 20LB-30LB",https://www.bcf.com.au/p/nomad-spinning-rod-7ft-6in-20lb-30lb/606946.html?cgid=BCF0305,$299.99,
Wilson Rod Filler 20ml,https://www.bcf.com.au/p/wilson-rod-filler-20ml/112222.html?cgid=BCF0305,$7.49,
NS Black Hole Amped II Baitcaster rod,https://www.bcf.com.au/p/ns-black-hole-amped-ii-baitcaster-rod/M589504.html?cgid=BCF0305,$110.00,
Daiwa 20 Aird-X Baitcaster Rod,https://www.bcf.com.au/p/daiwa-20-aird-x-baitcaster-rod/M600655.html?cgid=BCF0305,$69.00,
Wilson Venom Swimbait Baitcast Rod 7'11 2pc,https://www.bcf.com.au/p/wilson-venom-swimbait-baitcast-rod-711-2pc/M591312.html?cgid=BCF0305,$689.00 - $749.99,
Ocean's Legacy Stinger Deep Jig Overhead Rod,https://www.bcf.com.au/p/oceans-legacy-stinger-deep-jig-overhead-rod/M663970.html?cgid=BCF0305,$329.99,
Bone Black River Baitcaster Rod,https://www.bcf.com.au/p/bone-black-river-baitcaster-rod/M662266.html?cgid=BCF0305,$299.99 - $379.99,
NS Black Hole Amped Overhead Rod,https://www.bcf.com.au/p/ns-black-hole-amped-overhead-rod/M597349.html?cgid=BCF0305,$179.99,
Wilson Live Fibre Spinning Rod 7ft 8-15kg,https://www.bcf.com.au/p/wilson-live-fibre-spinning-rod-7ft-8-15kg/303109.html?cgid=BCF0305,$299.99,
Pryml Deluxe Gimbal,https://www.bcf.com.au/p/pryml-deluxe-gimbal/223464.html?cgid=BCF0305,$39.99,
Shimano Grappler Type C Spinning Rod,https://www.bcf.com.au/p/shimano-grappler-type-c-spinning-rod/624109.html?cgid=BCF0305,$579.99,
Shimano Tag-Em Deep Drop Overhead Rod PE 8,https://www.bcf.com.au/p/shimano-tag-em-deep-drop-overhead-rod-pe-8/610099.html?cgid=BCF0305,$309.99,
Shimano Grappler Type J Spinning Rod 5ft6 PE6,https://www.bcf.com.au/p/shimano-grappler-type-j-spinning-rod-5ft6-pe6/M586848.html?cgid=BCF0305,$519.99,
NS Black Hole Explorer Overhead Jigging Rod,https://www.bcf.com.au/p/ns-black-hole-explorer-overhead-jigging-rod/M621361.html?cgid=BCF0305,$229.99,
Wilson Venom Spinning Rod 6ft6in,https://www.bcf.com.au/p/wilson-venom-spinning-rod-6ft6in/M576846.html?cgid=BCF0305,$549.99 - $614.99,
TT Red Belly Baitcaster Rod,https://www.bcf.com.au/p/tt-red-belly-baitcaster-rod/M663937.html?cgid=BCF0305,$189.99 - $199.99,
Ocean's Legacy Stinger Deep Jig Spinning Rod,https://www.bcf.com.au/p/oceans-legacy-stinger-deep-jig-spinning-rod/M663973.html?cgid=BCF0305,$329.99,
Bone Ocean Thug Light Jigging Spinning Rod 6ft,https://www.bcf.com.au/p/bone-ocean-thug-light-jigging-spinning-rod-6ft/662313.html?cgid=BCF0305,$269.99,
Ocean's Legacy Soft 2 Pocket Rod Pouch,https://www.bcf.com.au/p/oceans-legacy-soft-2-pocket-rod-pouch/M654497.html?cgid=BCF0305,$99.99 - $129.99,
Pryml Standard Gimbal,https://www.bcf.com.au/p/pryml-standard-gimbal/223465.html?cgid=BCF0305,$31.99,
Bone Ocean Thug Spinning Rod,https://www.bcf.com.au/p/bone-ocean-thug-spinning-rod/M662305.html?cgid=BCF0305,$569.99,
Shimano Anthem Overhead Rod,https://www.bcf.com.au/p/shimano-anthem-overhead-rod/M600749.html?cgid=BCF0305,$369.99 - $379.99,
Shimano Tiagra Hyper Overhead Game Rod,https://www.bcf.com.au/p/shimano-tiagra-hyper-overhead-game-rod/M624134.html?cgid=BCF0305,$699.99 - $709.99,
Nomad Overhead Rod Slow Jig 6ft 8in PE2-4 20lb-50lb,https://www.bcf.com.au/p/nomad-overhead-rod-slow-jig-6ft-8in-pe2-4-20lb-50lb/644842.html?cgid=BCF0305,$339.99,
Nomad Overhead Rod Slow Jig 6ft 8in PE3-6 40lb-80lb,https://www.bcf.com.au/p/nomad-overhead-rod-slow-jig-6ft-8in-pe3-6-40lb-80lb/644843.html?cgid=BCF0305,$349.99,
Shimano Status Deep Drop Overhead Rod PE 8-10,https://www.bcf.com.au/p/shimano-status-deep-drop-overhead-rod-pe-8-10/610097.html?cgid=BCF0305,$529.99,
Shimano Speedmaster Deep Drop  Overhead Rod,https://www.bcf.com.au/p/shimano-speedmaster-deep-drop--overhead-rod/618951.html?cgid=BCF0305,$799.99,
Shimano Raider Bass Baitcaster Rod,https://www.bcf.com.au/p/shimano-raider-bass-baitcaster-rod/619004.html?cgid=BCF0305,$149.99,$127.49
Shimano Raider Kids Spinning Rod,https://www.bcf.com.au/p/shimano-raider-kids-spinning-rod/M618979.html?cgid=BCF0305,$49.99,$42.49
Daiwa 21 Sensor Sandstorm Surf Rod,https://www.bcf.com.au/p/daiwa-21-sensor-sandstorm-surf-rod/M613066.html?cgid=BCF0305,$229.99 - $279.99,
Daiwa 23 Crossfire Spinning Rod,https://www.bcf.com.au/p/daiwa-23-crossfire-spinning-rod/M674828.html?cgid=BCF0305,$79.99,
Wilson Live Fibre Overhead Rod 7ft 8-15kg,https://www.bcf.com.au/p/wilson-live-fibre-overhead-rod-7ft-8-15kg/303105.html?cgid=BCF0305,$279.99,
Shimano Aqua Tip Spinning Rod,https://www.bcf.com.au/p/shimano-aqua-tip-spinning-rod/M653169.html?cgid=BCF0305,$69.99 - $94.99,
Shimano Raider Dash Spinning Rod,https://www.bcf.com.au/p/shimano-raider-dash-spinning-rod/618982.html?cgid=BCF0305,$89.99,$76.49
Shimano Raider Cod Baitcaster Rod,https://www.bcf.com.au/p/shimano-raider-cod-baitcaster-rod/M619008.html?cgid=BCF0305,$149.99,$127.49
Shimano Raider Bream Spinning Rod,https://www.bcf.com.au/p/shimano-raider-bream-spinning-rod/M618993.html?cgid=BCF0305,$149.99,$127.49
Shimano Raider Barra Baitcaster Rod,https://www.bcf.com.au/p/shimano-raider-barra-baitcaster-rod/M619002.html?cgid=BCF0305,$149.99,$127.49
Okuma BJ Sabiki UTG Rod,https://www.bcf.com.au/p/okuma-bj-sabiki-utg-rod/609816.html?cgid=BCF0305,$99.99,
Luna-Sea Rod Cush-itâ„¢,https://www.bcf.com.au/p/luna-sea-rod-cush-it/M598074.html?dwvar_M598074_color=Blue&cgid=BCF0305,$49.99,
Shimano Ultegra EGI Spinning Rod 7ft 6in 3-6kg,https://www.bcf.com.au/p/shimano-ultegra-egi-spinning-rod-7ft-6in-3-6kg/648813.html?cgid=BCF0305,$119.99,
Shimano Jewel Jig Overhead Rod,https://www.bcf.com.au/p/shimano-jewel-jig-overhead-rod/M618957.html?cgid=BCF0305,$199.99,
TT Black Mamba Baitcaster Rod,https://www.bcf.com.au/p/tt-black-mamba-baitcaster-rod/M663922.html?cgid=BCF0305,$199.99 - $219.99,
Daiwa TD Hyper V2 Spinning Rod,https://www.bcf.com.au/p/daiwa-td-hyper-v2-spinning-rod/M590525.html?cgid=BCF0305,$95.00 - $159.99,
Shimano Raider Travel Baitcaster Rod 6ft 2in 5-8kg,https://www.bcf.com.au/p/shimano-raider-travel-baitcaster-rod-6ft-2in-5-8kg/675344.html?cgid=BCF0305,$159.99,$135.99
Assassin Beachmaster Zero Cast Surf Rod Medium 14ft,https://www.bcf.com.au/p/assassin-beachmaster-zero-cast-surf-rod-medium-14ft/667514.html?cgid=BCF0305,$619.99,
Savage Gear Black Baitcaster Rod,https://www.bcf.com.au/p/savage-gear-black-baitcaster-rod/M390220.html?cgid=BCF0305,$149.99,$104.99
Ocean's Legacy Stinger Offshore Spinning Rod,https://www.bcf.com.au/p/oceans-legacy-stinger-offshore-spinning-rod/M663984.html?cgid=BCF0305,$329.99,
Shimano Terez Overhead Rod,https://www.bcf.com.au/p/shimano-terez-overhead-rod/M587079.html?cgid=BCF0305,$359.99 - $389.99,
TT Red Belly Spinning Rod,https://www.bcf.com.au/p/tt-red-belly-spinning-rod/M663943.html?cgid=BCF0305,$149.99,
Nomad Seacore Slow Pitch Jigging Overhead Rod,https://www.bcf.com.au/p/nomad-seacore-slow-pitch-jigging-overhead-rod/M676184.html?cgid=BCF0305,$249.99 - $259.99,
Silstar PowerTip Spinning Rod,https://www.bcf.com.au/p/silstar-powertip-spinning-rod/M131131.html?cgid=BCF0305,$49.99 - $54.99,
Samaki Zing Gen 3 Slow Pitch Overhead Rod,https://www.bcf.com.au/p/samaki-zing-gen-3-slow-pitch-overhead-rod/M609368.html?cgid=BCF0305,$169.99,$135.99
Shimano Spheros Spinning Rod,https://www.bcf.com.au/p/shimano-spheros-spinning-rod/M648570.html?cgid=BCF0305,$129.99,
Shimano Raider Swimbait Baitcaster Rod,https://www.bcf.com.au/p/shimano-raider-swimbait-baitcaster-rod/619010.html?cgid=BCF0305,$159.99,$135.99
Shimano Raider Kayak Spinning Rod 6ft 1-3kg,https://www.bcf.com.au/p/shimano-raider-kayak-spinning-rod-6ft-1-3kg/618985.html?cgid=BCF0305,$149.99,$127.49
Daiwa Beefstick 561HS Spin Rod,https://www.bcf.com.au/p/daiwa-beefstick-561hs-spin-rod/M601003.html?cgid=BCF0305,$69.99,
Shimano Raider Barra Spinning Rod,https://www.bcf.com.au/p/shimano-raider-barra-spinning-rod/M618986.html?cgid=BCF0305,$149.99,$127.49
Samaki Zing Gen 3 Surf Rod,https://www.bcf.com.au/p/samaki-zing-gen-3-surf-rod/M609370.html?cgid=BCF0305,$239.99 - $319.99,
PENN Ocean Assassin Spinning Rod,https://www.bcf.com.au/p/penn-ocean-assassin-spinning-rod/M645236.html?cgid=BCF0305,$299.99 - $399.99,
Shimano Terez Offshore Spinning Rod,https://www.bcf.com.au/p/shimano-terez-offshore-spinning-rod/M587146.html?cgid=BCF0305,$359.99 - $459.99,
Shimano Anarchy Spinning Rod,https://www.bcf.com.au/p/shimano-anarchy-spinning-rod/M624104.html?cgid=BCF0305,$269.99,
Savage Gear Squad Spinning Rod,https://www.bcf.com.au/p/savage-gear-squad-spinning-rod/M598417.html?cgid=BCF0305,$99.99,
Surecatch 2 Piece Rod Bag,https://www.bcf.com.au/p/surecatch-2-piece-rod-bag/M112215.html?cgid=BCF0305,$10.99 - $11.99,
TT Copper Head Spinning Rod,https://www.bcf.com.au/p/tt-copper-head-spinning-rod/M663934.html?cgid=BCF0305,$99.99,
Shimano Raider Rack Spinning Rod,https://www.bcf.com.au/p/shimano-raider-rack-spinning-rod/M618990.html?cgid=BCF0305,$149.99,$127.49
Shimano Expride Spinning Rod,https://www.bcf.com.au/p/shimano-expride-spinning-rod/M653165.html?cgid=BCF0305,$439.99 - $469.99,
Shimano Maikuro II Baitcaster Rod,https://www.bcf.com.au/p/shimano-maikuro-ii-baitcaster-rod/M600783.html?cgid=BCF0305,$119.99 - $149.99,
Nomad Seacore Baitcaster Rod,https://www.bcf.com.au/p/nomad-seacore-baitcaster-rod/M686553.html?cgid=BCF0305,$239.99 - $259.99,
Wilson Blackfish Spinning Rod,https://www.bcf.com.au/p/wilson-blackfish-spinning-rod/112080.html?cgid=BCF0305,$139.99,
Daiwa 23 TD Black Spinning Rod,https://www.bcf.com.au/p/daiwa-23-td-black-spinning-rod/M675158.html?cgid=BCF0305,$239.99 - $289.99,
Shimano Maikuro II Overhead Rod,https://www.bcf.com.au/p/shimano-maikuro-ii-overhead-rod/604978.html?cgid=BCF0305,$119.99,
Shimano Anthem Spinning Rod,https://www.bcf.com.au/p/shimano-anthem-spinning-rod/M600751.html?cgid=BCF0305,$349.99 - $429.99,
Shimano Grappler Type J Slow Jig Overhead Rod,https://www.bcf.com.au/p/shimano-grappler-type-j-slow-jig-overhead-rod/M611650.html?cgid=BCF0305,$329.99,
NS Black Hole Black Water EGI Spinning Rod,https://www.bcf.com.au/p/ns-black-hole-black-water-egi-spinning-rod/M621286.html?cgid=BCF0305,$184.99 - $194.99,
Fuji Tip Hot Glue - Melt,https://www.bcf.com.au/p/fuji-tip-hot-glue---melt/131137.html?cgid=BCF0305,$16.99,
Daiwa Saltist Hyper Overhead Rod V2,https://www.bcf.com.au/p/daiwa-saltist-hyper-overhead-rod-v2/M600665.html?cgid=BCF0305,$239.99,
Samaki Zing Gen 3 Spinning Rod,https://www.bcf.com.au/p/samaki-zing-gen-3-spinning-rod/M609297.html?cgid=BCF0305,$139.99 - $259.99,
Shimano Maikuro II Spinning Rod,https://www.bcf.com.au/p/shimano-maikuro-ii-spinning-rod/M600781.html?cgid=BCF0305,$119.99 - $169.99,
Ugly Stik Gold II Spinning Rod,https://www.bcf.com.au/p/ugly-stik-gold-ii-spinning-rod/M567544.html?cgid=BCF0305,$69.99 - $189.99,
Daiwa Saltist Hyper Spinning Rod V2,https://www.bcf.com.au/p/daiwa-saltist-hyper-spinning-rod-v2/M600667.html?cgid=BCF0305,$299.99 - $369.99,
Daiwa 23 TD Hyper Spinning Rod,https://www.bcf.com.au/p/daiwa-23-td-hyper-spinning-rod/M675204.html?cgid=BCF0305,$159.99 - $189.99,
Shimano Taipan Spinning Rod,https://www.bcf.com.au/p/shimano-taipan-spinning-rod/M624120.html?cgid=BCF0305,$89.99 - $169.99,
Daiwa 23 Revros Baitcaster Rod,https://www.bcf.com.au/p/daiwa-23-revros-baitcaster-rod/M675138.html?cgid=BCF0305,$99.99,
Shimano Raider Snapper Spinning Rod,https://www.bcf.com.au/p/shimano-raider-snapper-spinning-rod/M618995.html?cgid=BCF0305,$149.99,$127.49
Shimano Impact XT Baitcaster Rod,https://www.bcf.com.au/p/shimano-impact-xt-baitcaster-rod/M609237.html?cgid=BCF0305,$89.99,
Ugly Stik Gold II Overhead Rod,https://www.bcf.com.au/p/ugly-stik-gold-ii-overhead-rod/M567548.html?cgid=BCF0305,$109.99 - $189.99,
Savage Gear Squad Baitcaster Rod,https://www.bcf.com.au/p/savage-gear-squad-baitcaster-rod/M598463.html?cgid=BCF0305,$99.99,
Shimano Backbone Elite 23 Roll Tip Overhead Rod 5ft 7in,https://www.bcf.com.au/p/shimano-backbone-elite-23-roll-tip-overhead-rod-5ft-7in/M675126.html?cgid=BCF0305,$249.99,
Wilson Live Fibre Spin Rod  6'6,https://www.bcf.com.au/p/wilson-live-fibre-spin-rod--66/M591314.html?cgid=BCF0305,$229.99 - $239.99,
Samaki Skitch X Baitcaster Rod,https://www.bcf.com.au/p/samaki-skitch-x-baitcaster-rod/M682730.html?cgid=BCF0305,$124.99 - $134.99,
Nomad Seacore Inshore Travel Spinning Rod 7ft6in,https://www.bcf.com.au/p/nomad-seacore-inshore-travel-spinning-rod-7ft6in/M676174.html?cgid=BCF0305,$309.99,
Ugly Stik Gold II Baitcaster Rod 5ft 6in,https://www.bcf.com.au/p/ugly-stik-gold-ii-baitcaster-rod-5ft-6in/M567541.html?cgid=BCF0305,$109.99 - $139.99,
Daiwa 23 TD Black Baitcaster Rod,https://www.bcf.com.au/p/daiwa-23-td-black-baitcaster-rod/M675177.html?cgid=BCF0305,$239.99 - $289.99,
Shimano Zodias Spinning Rod,https://www.bcf.com.au/p/shimano-zodias-spinning-rod/M593164.html?cgid=BCF0305,$329.99,$279.99
Wilson Venom Cork Baitcaster Rod 5ft9in,https://www.bcf.com.au/p/wilson-venom-cork-baitcaster-rod-5ft9in/M576680.html?cgid=BCF0305,$479.99 - $489.99,
Shimano Ultegra Spinning Rod,https://www.bcf.com.au/p/shimano-ultegra-spinning-rod/M648807.html?cgid=BCF0305,$119.99,
Nomad Seacore Inshore Spinning Rod,https://www.bcf.com.au/p/nomad-seacore-inshore-spinning-rod/M676058.html?cgid=BCF0305,$239.99 - $259.99,
Ugly Stik Gold II Spinning Rod,https://www.bcf.com.au/p/ugly-stik-gold-ii-spinning-rod/M622370.html?cgid=BCF0305,$109.99 - $139.99,
Shimano Sonic Lure Baitcaster Rod 5ft 8in 4-8kg,https://www.bcf.com.au/p/shimano-sonic-lure-baitcaster-rod-5ft-8in-4-8kg/675353.html?cgid=BCF0305,$79.99,
PENN Slammer Spinning Rod,https://www.bcf.com.au/p/penn-slammer-spinning-rod/M648955.html?cgid=BCF0305,$349.99 - $499.99,
Ugly Stik Bluewater II Overhead Rod 5ft 6in 24kg PE 5,https://www.bcf.com.au/p/ugly-stik-bluewater-ii-overhead-rod-5ft-6in-24kg-pe-5/M629437.html?cgid=BCF0305,$219.99 - $229.99,
Shimano Raider Native Baitcaster Rod,https://www.bcf.com.au/p/shimano-raider-native-baitcaster-rod/619005.html?cgid=BCF0305,$149.99,$127.49
Penn Prevail II Surf Rod,https://www.bcf.com.au/p/penn-prevail-ii-surf-rod/M584451.html?cgid=BCF0305,$219.99 - $299.99,
Shimano Sonic Surf Spinning Rod,https://www.bcf.com.au/p/shimano-sonic-surf-spinning-rod/M675360.html?cgid=BCF0305,$129.99,
Samaki Zing Gen 3 Baitcaster Rod,https://www.bcf.com.au/p/samaki-zing-gen-3-baitcaster-rod/M609351.html?cgid=BCF0305,$149.99 - $229.99,
Shimano TCurve Baitcaster Rod,https://www.bcf.com.au/p/shimano-tcurve-baitcaster-rod/M600768.html?cgid=BCF0305,$329.99 - $379.99,
Shimano Raider EGI Spinning Rod,https://www.bcf.com.au/p/shimano-raider-egi-spinning-rod/619000.html?cgid=BCF0305,$149.99,$127.49
Shimano Zodias Baitcaster Rod,https://www.bcf.com.au/p/shimano-zodias-baitcaster-rod/M593163.html?cgid=BCF0305,$329.99 - $339.99,
Shimano Grappler Type C Spinning Rod,https://www.bcf.com.au/p/shimano-grappler-type-c-spinning-rod/M604938.html?cgid=BCF0305,$579.99,
Shimano Aqua Tip Overhead Rod,https://www.bcf.com.au/p/shimano-aqua-tip-overhead-rod/M653172.html?cgid=BCF0305,$74.99 - $109.99,
Abu Garcia Veritas PLX Tournament Edition Spinning Rod,https://www.bcf.com.au/p/abu-garcia-veritas-plx-tournament-edition-spinning-rod/M664073.html?cgid=BCF0305,$299.99,
Shimano Expride Baitcaster Rod,https://www.bcf.com.au/p/shimano-expride-baitcaster-rod/M653163.html?cgid=BCF0305,$439.99 - $469.99,
Daiwa 23 Revros Spinning Rod,https://www.bcf.com.au/p/daiwa-23-revros-spinning-rod/M675136.html?cgid=BCF0305,$99.99,
PENN Spinfisher Elite Spinning Rod,https://www.bcf.com.au/p/penn-spinfisher-elite-spinning-rod/M639557.html?cgid=BCF0305,$39.99 - $79.99,
Abu Garcia Veritas 4.0 Travel Rod,https://www.bcf.com.au/p/abu-garcia-veritas-4.0-travel-rod/M614981.html?cgid=BCF0305,$164.99 - $234.99,
Daiwa 23 Sensor Surf Spinning Rod,https://www.bcf.com.au/p/daiwa-23-sensor-surf-spinning-rod/M662924.html?cgid=BCF0305,$449.00 - $649.00,
Pryml Rod Wrap,https://www.bcf.com.au/p/pryml-rod-wrap/563998.html?cgid=BCF0305,$7.99,
Abu Garcia Veritas 4.0 Surf Rod,https://www.bcf.com.au/p/abu-garcia-veritas-4.0-surf-rod/M614984.html?cgid=BCF0305,$214.99 - $254.99,
Shimano Raider Reef Spinning Rod,https://www.bcf.com.au/p/shimano-raider-reef-spinning-rod/618984.html?cgid=BCF0305,$149.99,$127.49
Tica Extreme Spinning Rod 7ft 6in 3pce,https://www.bcf.com.au/p/tica-extreme-spinning-rod-7ft-6in-3pce/187155.html?cgid=BCF0305,$99.99,
Ocean's Legacy Stinger Slow Jig Spinning Rod 6ft 2in,https://www.bcf.com.au/p/oceans-legacy-stinger-slow-jig-spinning-rod-6ft-2in/M663979.html?cgid=BCF0305,$299.99,
Shimano Backbone Elite 23 Runner Tip Overhead Rod 5ft 7in,https://www.bcf.com.au/p/shimano-backbone-elite-23-runner-tip-overhead-rod-5ft-7in/M675125.html?cgid=BCF0305,$249.99,
Abu Garcia Veritas PLX Tournament Edition Baitcaster Rod,https://www.bcf.com.au/p/abu-garcia-veritas-plx-tournament-edition-baitcaster-rod/M664078.html?cgid=BCF0305,$299.99,
Daiwa Beefstick Z Spinning Rod,https://www.bcf.com.au/p/daiwa-beefstick-z-spinning-rod/M624463.html?cgid=BCF0305,$119.99,$95.99
Shimano Spectrum Plus Telescopic Rod,https://www.bcf.com.au/p/shimano-spectrum-plus-telescopic-rod/M610707.html?cgid=BCF0305,$44.99 - $74.99,
Daiwa Demon Blood Spinning Rod 2pc,https://www.bcf.com.au/p/daiwa-demon-blood-spinning-rod-2pc/M613045.html?cgid=BCF0305,$399.99 - $489.99,
Wilson Live Fibre Blade N Tails Baitcaster Rod 6'3,https://www.bcf.com.au/p/wilson-live-fibre-blade-n-tails-baitcaster-rod-63/M597909.html?cgid=BCF0305,$249.99,
Abu Garcia Veritas 4.0 Spinning Rod,https://www.bcf.com.au/p/abu-garcia-veritas-4.0-spinning-rod/M614994.html?cgid=BCF0305,$164.99,
Daiwa 23 Crossfire Baitcaster Rod,https://www.bcf.com.au/p/daiwa-23-crossfire-baitcaster-rod/M674830.html?cgid=BCF0305,$79.99,
Shimano Poison Adrena Spinning Rod,https://www.bcf.com.au/p/shimano-poison-adrena-spinning-rod/M624110.html?cgid=BCF0305,$599.99,
Daiwa Beefstick LDZ Spinning Rod,https://www.bcf.com.au/p/daiwa-beefstick-ldz-spinning-rod/M624527.html?cgid=BCF0305,$59.99 - $64.99,
Shimano Jewel Jig Spinning Rod,https://www.bcf.com.au/p/shimano-jewel-jig-spinning-rod/M618955.html?cgid=BCF0305,$199.99,
Bone Voyage Travel Spinning Rod,https://www.bcf.com.au/p/bone-voyage-travel-spinning-rod/M662287.html?cgid=BCF0305,$289.99 - $309.99,
Shimano Tag-Em Overhead Rod,https://www.bcf.com.au/p/shimano-tag-em-overhead-rod/M624114.html?cgid=BCF0305,$199.99,
Samaki Zing Gen 3 Travel Baitcaster Rod 6ft 10-17lb,https://www.bcf.com.au/p/samaki-zing-gen-3-travel-baitcaster-rod-6ft-10-17lb/609362.html?cgid=BCF0305,$169.99,$135.99
Surecatch Bigfield Surf Rod 12ft 2 Piece,https://www.bcf.com.au/p/surecatch-bigfield-surf-rod-12ft-2-piece/112160.html?cgid=BCF0305,$59.99,
Shimano TCurve Deep Jig Overhead Rod,https://www.bcf.com.au/p/shimano-tcurve-deep-jig-overhead-rod/M351741.html?cgid=BCF0305,$399.99,
Wilson Rod Varnish 50ml,https://www.bcf.com.au/p/wilson-rod-varnish-50ml/313398.html?cgid=BCF0305,$8.49,
Shimano TCurve Tiagra Overhead Rod,https://www.bcf.com.au/p/shimano-tcurve-tiagra-overhead-rod/M135655.html?cgid=BCF0305,$579.99 - $589.99,
Wilson Venom Crankbait Baitcaster Rod 6ft3in,https://www.bcf.com.au/p/wilson-venom-crankbait-baitcaster-rod-6ft3in/M576843.html?cgid=BCF0305,$489.99 - $494.99,
PENN Spinfisher Elite Surf Rod,https://www.bcf.com.au/p/penn-spinfisher-elite-surf-rod/M639555.html?cgid=BCF0305,$79.99,
Shimano Jewel Spinning Rod,https://www.bcf.com.au/p/shimano-jewel-spinning-rod/M618963.html?cgid=BCF0305,$199.99 - $249.99,
Shimano TCurve Spin Surf Rod,https://www.bcf.com.au/p/shimano-tcurve-spin-surf-rod/M663417.html?cgid=BCF0305,$449.99,
Daiwa 23 TD Hyper Baitcaster Rod,https://www.bcf.com.au/p/daiwa-23-td-hyper-baitcaster-rod/M675211.html?cgid=BCF0305,$159.99 - $179.99,
Shimano Tiagra Ultra Rollered Overhead Game Rod,https://www.bcf.com.au/p/shimano-tiagra-ultra-rollered-overhead-game-rod/M624137.html?cgid=BCF0305,$849.99 - $899.99,
Shimano Sonic Bait Spinning Rod,https://www.bcf.com.au/p/shimano-sonic-bait-spinning-rod/M675348.html?cgid=BCF0305,$79.99,
Nomad Seacore Allround Lure Spinning Rod,https://www.bcf.com.au/p/nomad-seacore-allround-lure-spinning-rod/M676176.html?cgid=BCF0305,$259.99 - $309.99,
Shimano Raider River Baitcaster Rod,https://www.bcf.com.au/p/shimano-raider-river-baitcaster-rod/619007.html?cgid=BCF0305,$149.99,$127.49
Samaki Zing G3 EGI Squid Spinning Rod,https://www.bcf.com.au/p/samaki-zing-g3-egi-squid-spinning-rod/M609363.html?cgid=BCF0305,$179.99,$143.99
Samaki C12 V3 Spinning Rod,https://www.bcf.com.au/p/samaki-c12-v3-spinning-rod/M662327.html?cgid=BCF0305,$399.99 - $429.99,
Silstar PowerTip Spinning Rod,https://www.bcf.com.au/p/silstar-powertip-spinning-rod/M149407.html?cgid=BCF0305,$54.99 - $64.99,
Shimano Game Type J Rod,https://www.bcf.com.au/p/shimano-game-type-j-rod/M600742.html?cgid=BCF0305,$519.99,
Silstar Crystal Powertip Spinning Rod,https://www.bcf.com.au/p/silstar-crystal-powertip-spinning-rod/M112954.html?cgid=BCF0305,$79.99 - $99.99,
Wilson Venom Spin Popper Rod 7'11,https://www.bcf.com.au/p/wilson-venom-spin-popper-rod-711/M591290.html?cgid=BCF0305,$839.99 - $849.00,
Ugly Stik Carbon Cast Spinning Rod,https://www.bcf.com.au/p/ugly-stik-carbon-cast-spinning-rod/M599554.html?cgid=BCF0305,$119.99,
Daiwa Sensor Wave Surf Rod,https://www.bcf.com.au/p/daiwa-sensor-wave-surf-rod/M604120.html?cgid=BCF0305,$179.99 - $229.00,
Shimano Impact XT Spinning Rod,https://www.bcf.com.au/p/shimano-impact-xt-spinning-rod/M609238.html?cgid=BCF0305,$89.99,
Mustad Neoprene Rod Tip Protectors,https://www.bcf.com.au/p/mustad-neoprene-rod-tip-protectors/M598607.html?cgid=BCF0305,$17.99,
Shimano Raider Kids Baitcaster Rod,https://www.bcf.com.au/p/shimano-raider-kids-baitcaster-rod/618981.html?cgid=BCF0305,$49.99,$39.99
Shimano Raider Dash Baitcaster Rod,https://www.bcf.com.au/p/shimano-raider-dash-baitcaster-rod/618983.html?cgid=BCF0305,$89.99,$71.99
PENN Regiment Black Ops 2 Spinning Rod,https://www.bcf.com.au/p/penn-regiment-black-ops-2-spinning-rod/M645242.html?cgid=BCF0305,$179.99,
Shimano Raider Flats Spinning Rod,https://www.bcf.com.au/p/shimano-raider-flats-spinning-rod/619001.html?cgid=BCF0305,$159.99,$135.99
Abu Garcia Salty Stage KRX II Spinning Rod,https://www.bcf.com.au/p/abu-garcia-salty-stage-krx-ii-spinning-rod/M648892.html?cgid=BCF0305,$279.99,
Shimano Grappler BB Type J Spinning Rod,https://www.bcf.com.au/p/shimano-grappler-bb-type-j-spinning-rod/M611643.html?cgid=BCF0305,$329.99 - $399.99,
Wilson Venom Spin Rod,https://www.bcf.com.au/p/wilson-venom-spin-rod/M591302.html?cgid=BCF0305,$469.99 - $699.99,
Shimano Raider Flathead Spinning Rod,https://www.bcf.com.au/p/shimano-raider-flathead-spinning-rod/618992.html?cgid=BCF0305,$149.99,$127.49
Shimano Jewel Baitcaster Rod,https://www.bcf.com.au/p/shimano-jewel-baitcaster-rod/M618954.html?cgid=BCF0305,$199.99,
Ugly Stik Pink Spinning Rod,https://www.bcf.com.au/p/ugly-stik-pink-spinning-rod/M604421.html?cgid=BCF0305,$87.99,
Daiwa 20 TD Saltwater Spinning Rod,https://www.bcf.com.au/p/daiwa-20-td-saltwater-spinning-rod/M605495.html?cgid=BCF0305,$179.99,$143.99
Wilson Live Fibre Overhead Rod 7ft 15-24kg,https://www.bcf.com.au/p/wilson-live-fibre-overhead-rod-7ft-15-24kg/303103.html?cgid=BCF0305,$299.99,
Daiwa 21 TD Tierra Baitcaster Rod,https://www.bcf.com.au/p/daiwa-21-td-tierra-baitcaster-rod/M618884.html?cgid=BCF0305,$189.99,
Bone Voyage Travel Baitcaster Rod,https://www.bcf.com.au/p/bone-voyage-travel-baitcaster-rod/M662275.html?cgid=BCF0305,$289.99 - $309.99,
Surecatch Bigfield Spinning Rod 10ft 6in,https://www.bcf.com.au/p/surecatch-bigfield-spinning-rod-10ft-6in/112115.html?cgid=BCF0305,$51.99,
Daiwa 23 Seajigger Surf Spinning Rod,https://www.bcf.com.au/p/daiwa-23-seajigger-surf-spinning-rod/M662920.html?cgid=BCF0305,$399.00 - $499.00,
Daiwa Beefstick Z Surf Rod,https://www.bcf.com.au/p/daiwa-beefstick-z-surf-rod/M624524.html?cgid=BCF0305,$149.99 - $169.99,
Wilson Blade N Tails Spinning Rod,https://www.bcf.com.au/p/wilson-blade-n-tails-spinning-rod/M597901.html?cgid=BCF0305,$239.99 - $249.99,
Shimano Triton Spinning Rod,https://www.bcf.com.au/p/shimano-triton-spinning-rod/M371178.html?cgid=BCF0305,$89.99,
NS Black Hole Dark Horse EGI Spinning Rod,https://www.bcf.com.au/p/ns-black-hole-dark-horse-egi-spinning-rod/621288.html?cgid=BCF0305,$284.99,
Pryml Fishing Rod Cover 1.7m x 50mm,https://www.bcf.com.au/p/pryml-fishing-rod-cover-1.7m-x-50mm/560100.html?cgid=BCF0305,$15.99,
Shimano Raider Surf Rod,https://www.bcf.com.au/p/shimano-raider-surf-rod/M619011.html?cgid=BCF0305,$179.99,$152.99
Daiwa 21 TD Tierra Spinning Rod,https://www.bcf.com.au/p/daiwa-21-td-tierra-spinning-rod/M618874.html?cgid=BCF0305,$189.99 - $199.99,
Shimano Terez Spinning Rod,https://www.bcf.com.au/p/shimano-terez-spinning-rod/M587141.html?cgid=BCF0305,$389.99 - $429.99,
Ugly Stik Carbon Cast Baitcaster Rod,https://www.bcf.com.au/p/ugly-stik-carbon-cast-baitcaster-rod/M599551.html?cgid=BCF0305,$119.99,
Samaki Silver Bullet Surf Rod,https://www.bcf.com.au/p/samaki-silver-bullet-surf-rod/M662341.html?cgid=BCF0305,$399.99 - $419.99,
Shimano T Curve Deep Jig Spinning Rod,https://www.bcf.com.au/p/shimano-t-curve-deep-jig-spinning-rod/M351739.html?cgid=BCF0305,$399.99,
NS Black Hole Amped Jig Spinning Rod 5ft 8in PE3,https://www.bcf.com.au/p/ns-black-hole-amped-jig-spinning-rod-5ft-8in-pe3/621363.html?cgid=BCF0305,$169.99,
TT Black Mamba Spinning Rod,https://www.bcf.com.au/p/tt-black-mamba-spinning-rod/M663926.html?cgid=BCF0305,$179.99,
Nomad Seacore Slow Pitch Jigging Spinning Rod,https://www.bcf.com.au/p/nomad-seacore-slow-pitch-jigging-spinning-rod/M676183.html?cgid=BCF0305,$249.99 - $259.99,
Shimano Raider Travel Spinning Rod,https://www.bcf.com.au/p/shimano-raider-travel-spinning-rod/M675342.html?cgid=BCF0305,$159.99,$135.99
Ugly Stik Bluewater II Spinning Rod,https://www.bcf.com.au/p/ugly-stik-bluewater-ii-spinning-rod/M567390.html?cgid=BCF0305,$219.99 - $239.99,
Bone Voyage Expedition Travel Baitcaster Rod,https://www.bcf.com.au/p/bone-voyage-expedition-travel-baitcaster-rod/M662250.html?cgid=BCF0305,$389.99 - $469.99,
Daiwa Beefstick Surf Rod,https://www.bcf.com.au/p/daiwa-beefstick-surf-rod/M575917.html?cgid=BCF0305,$99.99,
Shimano Extraction Spinning Rod,https://www.bcf.com.au/p/shimano-extraction-spinning-rod/M675319.html?cgid=BCF0305,$249.99 - $289.99,
Samaki Zing Gen 3 Travel Spinning Rod,https://www.bcf.com.au/p/samaki-zing-gen-3-travel-spinning-rod/M609358.html?cgid=BCF0305,$169.99,$135.99
Shimano Extraction Overhead Rod,https://www.bcf.com.au/p/shimano-extraction-overhead-rod/M675313.html?cgid=BCF0305,$199.99,
Samaki Skitch X Spinning Rod,https://www.bcf.com.au/p/samaki-skitch-x-spinning-rod/M682734.html?cgid=BCF0305,$124.99 - $169.99,
Daiwa 20 Crossfire Surf Rod,https://www.bcf.com.au/p/daiwa-20-crossfire-surf-rod/M600658.html?cgid=BCF0305,$99.99 - $119.99,
Abu Garcia Veritas 4.0 Baitcaster Rod,https://www.bcf.com.au/p/abu-garcia-veritas-4.0-baitcaster-rod/M614930.html?cgid=BCF0305,$164.99,
Daiwa Beefstick Spinning Rod,https://www.bcf.com.au/p/daiwa-beefstick-spinning-rod/M575912.html?cgid=BCF0305,$49.99 - $79.99,
Shimano Sonic Lure Spinning Rod,https://www.bcf.com.au/p/shimano-sonic-lure-spinning-rod/M675354.html?cgid=BCF0305,$79.99,
Samaki Vapor Spinning Combo,https://www.bcf.com.au/p/samaki-vapor-spinning-combo/M610326.html?cgid=BCF0305,$139.99 - $159.99,
Daiwa Emeraldas X EGI Squid Spinning Rod,https://www.bcf.com.au/p/daiwa-emeraldas-x-egi-squid-spinning-rod/M613076.html?cgid=BCF0305,$249.99,
Daiwa Beefstick Electric Overhead Rod 56HT,https://www.bcf.com.au/p/daiwa-beefstick-electric-overhead-rod-56ht/610102.html?cgid=BCF0305,$329.99,
Bone Ocean Thug Light Casting Spinning Rod,https://www.bcf.com.au/p/bone-ocean-thug-light-casting-spinning-rod/M662310.html?cgid=BCF0305,$339.99,
Shimano Raider Spinning Rod,https://www.bcf.com.au/p/shimano-raider-spinning-rod/M618989.html?cgid=BCF0305,$149.99,$127.49
Shimano TCurve Spinning Rod,https://www.bcf.com.au/p/shimano-tcurve-spinning-rod/M600761.html?cgid=BCF0305,$309.99 - $339.99,
Daiwa 22 BG Bluewater Spinning Rod,https://www.bcf.com.au/p/daiwa-22-bg-bluewater-spinning-rod/M635418.html?cgid=BCF0305,$109.99 - $169.99,
