BCF Description,ANA Description
Daiwa 23 TD Black Spinning Rod,"Daiwa 23 TD Black Tang 7'8"" 2pc 2-5kg Spin Rod"
Shimano Zodias Spinning Rod,Shimano Zodias Travel 7FT Spin Rod
Samaki Zing Gen 3 Spinning Rod,Samurai Osprey 7FT 1 Piece Spinning Rod
Ugly Stik Gold II Spinning Rod,Ugly Stik Gold 601MH 8-15KG Spinning Rod
Shimano Maikuro II Spinning Rod,Shimano Maikuro II 7' 2pc 3-6kg Spin Rod
Daiwa 23 TD Hyper Spinning Rod,Daiwa 20 Aird X 701LXS Spinning Rod
Daiwa Saltist Hyper Spinning Rod V2,Daiwa Legalis LT 762HFS Spinning Rod
Shimano Jewel Spinning Rod,Shimano T Curve Deep Jig Spinning Rod
Daiwa 23 Revros Spinning Rod,Daiwa 20 Aird X 701LXS Spinning Rod
Penn Prevail II Surf Rod,Penn Prevail II 9' 2pc 10-15kg Surf Rod
Abu Garcia Veritas 4.0 Travel Rod,Abu Garcia Veritas Tournament 7' 2pc 4-8kg Spin Rod
Shimano Ultegra Spinning Rod,Shimano T Curve Deep Jig Spinning Rod
Daiwa 23 TD Black Baitcaster Rod,Daiwa 23 TD Black Mullet 7' 1pc 5-10kg Baitcaster Rod
Shimano TCurve Spinning Rod,Shimano T Curve Deep Jig Spinning Rod
Shimano Terez Spinning Rod,Shimano T Curve Deep Jig Spinning Rod
Daiwa Beefstick Z Spinning Rod,Daiwa Legalis LT 762HFS Spinning Rod
Shimano Tiagra Ultra Rollered Overhead Game Rod,"Shimano Tiagra 7'6"" 2 piece 60kg Overhead Rod"
Ugly Stik Pink Spinning Rod,Ugly Stik Gold 601MH 8-15KG Spinning Rod
Abu Garcia Veritas 4.0 Spinning Rod,"Abu Garcia Veritas Elite 7'7"" 2pc 4-8kg Spin Rod"
PENN Spinfisher Elite Surf Rod,Penn Spinfisher SSM 1202 Surf Rod
Shimano Raider Flathead Spinning Rod,Shimano Raider Travel Medium 7ft Spin Rod
Bone Voyage Travel Spinning Rod,
Daiwa Sensor Wave Surf Rod,Daiwa Sensor Sandstorm 9' 2pc 6-10kg Surf Rod
PENN Spinfisher Elite Spinning Rod,
Daiwa 20 Aird-X Spinning Rod,Daiwa 20 Aird X 701LXS Spinning Rod
Daiwa 22 BG Bluewater Spinning Rod,Daiwa BG Bluewater S80-6/8 Spin Rod
Wilson Live Fibre Blade N Tails Baitcaster Rod 6'3,
Daiwa Demon Blood Spinning Rod 2pc,Daiwa 20 Aird X 701LXS Spinning Rod
Daiwa 21 Sensor Sandstorm Surf Rod,Daiwa Sensor Sandstorm 9' 2pc 6-10kg Surf Rod
Shimano Backbone Elite 23 Roll Tip Overhead Rod 5ft 7in,Shimano Backbone Elite Roller Tip Rod 37kg
Samaki Zing Gen 3 Travel Spinning Rod,Shimano Zodias Travel 7FT Spin Rod
Samaki Zing Gen 3 Baitcaster Rod,Samurai Reaction Baitcaster Rod
Shimano Sonic Surf Spinning Rod,Shimano T Curve Deep Jig Spinning Rod
Shimano Raider Cod Baitcaster Rod,Shimano Raider 4' 1pc 5-10kg Baitcaster Rod
Daiwa TD Hyper V2 Spinning Rod,Daiwa Legalis LT 762HFS Spinning Rod
TT Black Mamba Spinning Rod,
Ugly Stik Gold II Overhead Rod,Ugly Stik Gold 6' 1pc 10-15kg Overhead Rod
Daiwa 23 TD Hyper Baitcaster Rod,Daiwa 23 Saltist 6' 1pc PE3-4 Baitcaster Rod
Shimano Raider Surf Rod,Shimano Raider 12' 2pc 4-8kg Surf Rod
Shimano Ultegra EGI Spinning Rod 7ft 6in 3-6kg,Shimano Tcurve 11' 2pc Spin Rod 3-6kg
Shimano TCurve Baitcaster Rod,Shimano Zodias Travel 5FT 8IN Baitcaster Rod
Daiwa Beefstick Z Surf Rod,
Okuma BJ Sabiki UTG Rod,
Abu Garcia Veritas 4.0 Baitcaster Rod,Abu Garcia Veritas Elite 6' 1pc 6-10kg Baitcaster Rod
Shimano Raider River Baitcaster Rod,Shimano Raider Travel River 6ft 4in Baitcaster Rod
Ugly Stik Carbon Cast Spinning Rod,Ugly Stik Gold 601MH 8-15KG Spinning Rod
Shimano Raider Barra Baitcaster Rod,Shimano Raider Travel Barra 5ft 10in Baitcaster Rod
Shimano Extraction Spinning Rod,Shimano 7ft 2in Extraction Spin Rod
Shimano Anarchy Spinning Rod,Shimano Anarchy 682 2-5kg Spin Rod
Shimano Grappler BB Type J Spinning Rod,Shimano Grappler BB Type J 6' 2pc PE5 Spin Rod
Daiwa 20 Crossfire Surf Rod,Daiwa 20 Crossfire 1203H Surf Rod
Shimano Spectrum Plus Telescopic Rod,
Shimano Impact XT Spinning Rod,Shimano T Curve Deep Jig Spinning Rod
Samaki Zing Gen 3 Travel Baitcaster Rod 6ft 10-17lb,
Shimano Maikuro II Baitcaster Rod,Shimano Maikuro II 8' 2 piece 8-15kg Baitcaster Rod
Daiwa Beefstick Spinning Rod,Daiwa Legalis LT 762HFS Spinning Rod
Bone Voyage Travel Baitcaster Rod,Shimano Raider Travel 6ft 2in Baitcaster Rod
Shimano Raider Snapper Spinning Rod,Shimano Raider Snapper 7' 1pc 5-10kg Spin Rod
Savage Gear Squad Spinning Rod,Daiwa Legalis LT 762HFS Spinning Rod
Samaki Vapor Spinning Combo,
Wilson Live Fibre Overhead Rod 7ft 8-15kg,"Wilson Live Fibre 6"" 1pc 15-30kg Overhead Rod"
Savage Gear Black Baitcaster Rod,Samurai Reaction Baitcaster Rod
Shimano Raider Bream Spinning Rod,Shimano Raider Travel Medium 7ft Spin Rod
Shimano Aqua Tip Spinning Rod,Shimano T Curve Deep Jig Spinning Rod
Shimano Jewel Baitcaster Rod,Shimano Jewel 6' 1 piece 5-10kg Baitcaster Rod
Shimano Raider Travel Spinning Rod,Shimano Raider Travel 6FT 10IN Spin Rod
Savage Gear Black Spinning Rod,
Daiwa 23 Crossfire Spinning Rod,Daiwa Crossfire 702LFS Spin Rod
Shimano Raider Barra Spinning Rod,Shimano Raider Travel Barra 6ft 2in Spin Rod
TT Red Belly Spinning Rod,Penn Ally 702L 2-4KG Spinning Rod
Shimano Raider Spinning Rod,Shimano Raider 4' 1pc 3-6kg Spin Rod
Daiwa 23 Revros Baitcaster Rod,Samurai Refraction Baitcaster Rod
Shimano Sonic Lure Baitcaster Rod 5ft 8in 4-8kg,Shimano Zodias Travel 5FT 8IN Baitcaster Rod
Daiwa 23 Crossfire Baitcaster Rod,Daiwa 20 Crossfire 1203H Surf Rod
Shimano Raider Travel Baitcaster Rod 6ft 2in 5-8kg,Shimano Raider Travel 6ft 2in Baitcaster Rod
Shimano Spheros Spinning Rod,Shimano T Curve Deep Jig Spinning Rod
Wilson Blackfish Spinning Rod,
Daiwa Beefstick Surf Rod,
Samaki Skitch X Baitcaster Rod,Samurai Reaction Baitcaster Rod
Daiwa Emeraldas X EGI Squid Spinning Rod,Daiwa Legalis LT 701 LFS Spinning Rod
Shimano Sonic Bait Spinning Rod,"Shimano Zodias 7'6"" Light Spin Rod"
Shimano Raider Dash Baitcaster Rod,Shimano Raider Travel 6ft 2in Baitcaster Rod
Ugly Stik Bluewater II Spinning Rod,Ugly Stik Bluewater 701M 5-8KG Spinning Rod
Ugly Stik Carbon Cast Baitcaster Rod,"Ugly Stik Gold 5'6"" 2pc 4-8kg Baitcaster Rod"
Shimano Grappler Type C Spinning Rod,Shimano Grappler Type C 8' 2pc PE6 Spin Rod
Shimano Raider Dash Spinning Rod,Shimano Raider 4' 1pc 3-6kg Spin Rod
Shimano Raider Kids Spinning Rod,Shimano Raider Kids 4' 1pc 2-4kg Spin Rod
Daiwa 21 TD Tierra Spinning Rod,Daiwa 20 Aird X 701LXS Spinning Rod
Nomad Seacore Inshore Spinning Rod,"Nomad Inshore 7'6"" 2pc 20-30lb Spin Rod"
Shimano Taipan Spinning Rod,Shimano Taipan 6' 2pc 2-4kg Spin Rod
Shimano Zodias Baitcaster Rod,Shimano Zodias Travel 5FT 8IN Baitcaster Rod
NS Black Hole Amped II Overhead Jigging Rod 6ft 4in PE3-5,
Samaki Vanquish Jig Baitcaster Rod 6ft 3in,Samurai Reaction Baitcaster Rod
Samaki Vanquish Overhead Rod,Samurai Opry Overhead 7FT Rod
Bone Ocean Thug Spinning Rod,Penn Ocean Assassin 571M Spinning Rod
Wilson Rod Filler 20ml,
Wilson Live Fibre Jig Overhead Rod 6ft 6in 10-15kg,"Wilson Live Fibre 6"" 1pc 15-30kg Overhead Rod"
Surecatch 2 Piece Rod Bag,Samurai Egi 2 Piece Rod
Shimano Raider EGI Spinning Rod,Shimano Raider 4' 1pc 3-6kg Spin Rod
Daiwa 23 Seajigger Surf Spinning Rod,Daiwa 20 Aird X 701LXS Spinning Rod
Daiwa 23 Sensor Surf Spinning Rod,Daiwa 20 Aird X 701LXS Spinning Rod
Shimano Grappler Type J Spinning Rod 5ft6 PE6,"Shimano Grappler Type J 5'3"" 2pc PE8 Spin Rod"
"Nomad Spinning Rod 7ft 8in, PE8 80LB-100LB",
"Nomad Overhead Rod 6ft, PE4-6 40LB-80LB",
"Nomad Spinning Rod 7ft 8in, PE4-6 40LB-65LB",
Nomad Spinning Rod Slow Jig 6ft 3in PE 10lb-30lb,
Bone Ocean Thug Light Jigging Overhead Rod 6ft,
Shimano Raider Kids Baitcaster Rod,"Shimano Raider Kids 4'2"" 1pc 3-6kg Baitcaster Rod"
Ugly Stik Gold II Baitcaster Rod 5ft 6in,"Ugly Stik Gold 5'6"" 2pc 4-8kg Baitcaster Rod"
Shimano Sonic Lure Spinning Rod,Shimano T Curve Deep Jig Spinning Rod
Daiwa 20 TD Saltwater Spinning Rod,Daiwa 20 Aird X 701LXS Spinning Rod
TT Copper Head Spinning Rod,
Luna-Sea Rod Cush-itâ„¢,
Abu Garcia Veritas 4.0 Surf Rod,"Abu Garcia Veritas Elite 7'7"" 2pc 4-8kg Spin Rod"
"Nomad Spinning Rod 8ft 3in, PE5-8 50LB-80LB",
"Nomad Spinning Rod 6ft, PE5-8 50LB-100LB",
Wilson Venom Overhead Jig Rod  5'5,
Bone Ocean Thug Jigging Spinning Rod,Penn Ocean Assassin 571M Spinning Rod
Pryml Standard Gimbal,
Nomad Overhead Rod Slow Jig 6ft 8in PE3-6 40lb-80lb,
"Nomad Spinning Rod 6ft 2in, PE2-3 20LB-40LB",
Mastergrip HD Blue Rod Bucket,
Pryml Rod Wrap,
Shimano Poison Adrena Spinning Rod,"Shimano Poison Adrena JDM 6'7"" 2pc 4-8lb Spin Rod"
Wilson Blade N Tails Spinning Rod,
Shimano Jewel Jig Spinning Rod,Shimano T Curve Deep Jig Spinning Rod
Samaki Skitch X Spinning Rod,Daiwa 20 Aird X 701LXS Spinning Rod
Shimano TCurve Spin Surf Rod,Shimano Taipan 1203 Surf Rod
Nomad Seacore Allround Lure Spinning Rod,
Nomad Spinning Rod Offshore 7ft 4in PE1-2 20lb-40lb,
NS Black Hole Explorer Overhead Jigging Rod,
Wilson Venom Jig Spinning Rod 5ft6in,
Nomad Overhead Rod Slow Jig 6ft 8in PE2-4 20lb-50lb,
Shimano Grappler Type J Overhead Rod 6ft PE4,Shimano Grappler BB Type J 6' 2pc PE5 Overhead Rod
Wilson Venom Spin Switch Bait Rod 6'5,
Nomad Seacore Baitcaster Rod,Samurai Reaction Baitcaster Rod
Samaki Zing G3 EGI Squid Spinning Rod,Samurai Osprey 7FT 1 Piece Spinning Rod
Pryml Deluxe Gimbal,
Daiwa Beefstick LDZ Spinning Rod,Daiwa Legalis LT 762HFS Spinning Rod
Shimano Extraction Overhead Rod,Shimano Extraction 6FT 4IN Overhead Rod
Samaki Zing Gen 3 Surf Rod,Shimano Taipan 1203 Surf Rod
Bone Ocean Thug Jigging Overhead Rod,
Silstar PowerTip Spinning Rod,Silstar Power Tip 8' 2pc 6-8kg Spin Rod
Daiwa Laguna LGC Spinning Rod,Daiwa Legalis LT 762HFS Spinning Rod
Shimano Cranx Spinning Rod,Shimano T Curve Deep Jig Spinning Rod
Daiwa 20 TD Saltwater Spinning Rod 6ft 6in PE 3,
Daiwa TD Hyper V2 Baitcaster Rod,Daiwa Legalis 6' 2pc 6-12kg Baitcaster Rod
Samaki Zing Xtreme V2 Spinning Rod,Samurai Osprey 7FT 1 Piece Spinning Rod
PENN Regiment Black Ops 2 Spinning Rod,Penn Regiment Black Ops II 792H Spinning Rod
Daiwa Beefstick 561HS Spin Rod,Daiwa Legalis LT 762HFS Spinning Rod
Bone Voyage Expedition Travel Baitcaster Rod,
Shimano Tag-Em Overhead Rod,"Shimano Tag-Em 5'7"" 1 piece 24kg Overhead Rod"
Surecatch Bigfield Surf Rod 10ft 6in 2pce,
NS Black Hole Amped II Spinning Rod,Penn Regiment Black Ops II 792H Spinning Rod
NS Black Hole Amped II Baitcaster rod,
Samaki Zing Xtreme V2 Baitcaster Rod,Samurai Reaction Baitcaster Rod
Daiwa Saltist Hyper Overhead Rod V2,Daiwa 23 Saltist Levelwind 50HB Overhead Reel
Wilson Live Fibre Spin Rod  6'6,Wilson Live Fibre 6' 1pc 15-30kg Spin Rod
Shimano Terez Offshore Spinning Rod,Shimano T Curve Deep Jig Spinning Rod
Silstar Crystal Powertip Spinning Rod,Silstar Crystal Power Tip 7' Light Boat Spinning Rod
Shimano Aqua Tip Overhead Rod,Shimano Extraction 6FT 4IN Overhead Rod
Daiwa 20 Aird-X Baitcaster Rod,Daiwa 20 Aird-X 6' 1pc 6-12kg Baitcaster Rod
Shimano Raider Reef Spinning Rod,Shimano Raider Travel Medium 7ft Spin Rod
Nomad Seacore Inshore Travel Spinning Rod 7ft6in,
Shimano Expride Spinning Rod,Shimano T Curve Deep Jig Spinning Rod
Abu Garcia Veritas PLX Tournament Edition Baitcaster Rod,Abu Garcia Veritas Tournament 7' 1pc 6-8kg Baitcaster Rod
NS Black Hole Black Water EGI Spinning Rod,
Ugly Stik Bluewater II Overhead Rod 5ft 6in 24kg PE 5,Ugly Stik Bluewater 561XH 24KG/PE 5 Overhead Rod
Tica Extreme Spinning Rod 7ft 6in 3pce,
Shimano Expride Baitcaster Rod,Shimano Raider 4' 1pc 5-10kg Baitcaster Rod
Shimano Grappler Type J Slow Jig Overhead Rod,Shimano Grappler BB Type J 6' 2pc PE5 Overhead Rod
Assassin Beachmaster Zero Cast Surf Rod Medium 14ft,
Fuji Tip Hot Glue - Melt,
Shimano Terez Overhead Rod,Shimano Terez 7' 1pc 30-65lb Overhead Rod
Nomad Seacore Slow Pitch Jigging Overhead Rod,"Nomad Slow Pitch Jig 6'8"" 1pc 40-80lb Overhead Rod"
Shimano Raider Kayak Spinning Rod 6ft 1-3kg,Shimano Raider 4' 1pc 3-6kg Spin Rod
Shimano Rod Wrap,Shimano Rod Wrap Small
Shimano Coltsniper BB Surf Rod,Shimano Coltsniper BB 10' 2 piece PE4 Spin Rod
Ocean's Legacy Stinger Offshore Spinning Rod,
Mastergrip Padded Moulded Rod Bucket,
Shimano Jewel Jig Overhead Rod,"Shimano Jewel 5'4"" 1 piece PE8 Overhead Rod"
Shimano TCurve Tiagra Overhead Rod,"Shimano T Curve Tiagra 5'6"" 1 piece 37kg Overhead Rod"
Abu Garcia Veritas PLX Tournament Edition Spinning Rod,Abu Garcia Veritas Tournament 7' 2pc 4-8kg Spin Rod
Shimano TCurve Deep Jig Overhead Rod,"Shimano T-Curve Deep Jig 400  6'8"" 2pc 37kg Overhead Rod"
Shimano Raider Rack Spinning Rod,Shimano Raider 4' 1pc 3-6kg Spin Rod
Shimano Anthem Spinning Rod,Shimano T Curve Deep Jig Spinning Rod
PENN Slammer Spinning Rod,"Penn Slammer 7'2"" 1pc PE2 Spin Rod"
PENN Ocean Assassin Spinning Rod,Penn Ocean Assassin 571M Spinning Rod
Shimano Backbone Elite 23 Runner Tip Overhead Rod 5ft 7in,Shimano Backbone Elite Runner Rod 15kg
Daiwa 22 BG Bluewater Overhead Rod,Daiwa BG Bluewater B60-4/6 Overhead Rod
Savage Gear Squad Baitcaster Rod,Samurai Reaction Baitcaster Rod
Shimano T Curve Deep Jig Spinning Rod,Shimano T Curve Deep Jig Spinning Rod
Shimano TCurve Overhead Surf Rod,Shimano TCurve 10' 2pc Overhead Rod 8-12kg
Shimano Raider Swimbait Baitcaster Rod,Shimano Raider Travel 6ft 2in Baitcaster Rod
Wilson Venom Crankbait Baitcaster Rod 6ft3in,
Abu Garcia Salty Stage KRX II Spinning Rod,
NS Black Hole Dark Horse EGI Spinning Rod,
Shimano Raider Native Baitcaster Rod,Shimano Raider Travel 6ft 2in Baitcaster Rod
Shimano Impact XT Baitcaster Rod,"Shimano Solstace XT 5'6"" 1pc 6-8kg Baitcaster Rod"
Shimano Triton Spinning Rod,Shimano T Curve Deep Jig Spinning Rod
TT Black Mamba Baitcaster Rod,"Rod Slix 1"" 6ft Baitcaster Rod"
Pryml Hook and Lure Holder 5pc,
Wilson Live Fibre Overhead Rod 7ft 15-24kg,"Wilson Live Fibre 6"" 1pc 15-30kg Overhead Rod"
Surecatch Bigfield Spinning Rod 10ft 6in,
Pryml Fishing Rod Cover 1.7m x 50mm,
Samaki Zing Gen 3 Slow Pitch Overhead Rod,Samurai Osprey 6FT 30-60LB 1 Piece Overhead Rod
Wilson Venom Spin Rod,
Samaki C12 V3 Spinning Rod,Samurai Osprey 7FT 1 Piece Spinning Rod
Samaki C12 V3 Baitcaster Rod,Samurai Reaction Baitcaster Rod
Samaki Silver Bullet Surf Rod,
Wilson Venom Cork Baitcaster Rod 5ft9in,
Surecatch Bigfield Surf Rod 12ft 2 Piece,
TT Copper Head Baitcaster Rod,Samurai Reaction Baitcaster Rod
Daiwa 21 TD Tierra Baitcaster Rod,Daiwa 20 Aird-X 6' 1pc 6-12kg Baitcaster Rod
Abu Garcia Salty Stage KRX II Baitcaster Rod,Abu Garcia Veritas Elite 7' 1pc 6-9kg Baitcaster Rod
Shimano Raider Bass Baitcaster Rod,Shimano Raider Travel 6ft 2in Baitcaster Rod
Ocean's Legacy Stinger Slow Jig Spinning Rod 6ft 2in,
Wilson Venom Spin Popper Rod 7'11,
Shimano Raider Flats Spinning Rod,Shimano Raider Travel Medium 7ft Spin Rod
Samaki Vanquish Spinning Rod,
Shimano Game Type J Rod,"Shimano Grappler Type J 5'3"" 2pc PE8 Spin Rod"
Bone Ocean Thug Light Casting Spinning Rod,Penn Ocean Assassin 571M Spinning Rod
Abu Garcia Veritas Jig Spinning Rod,Abu Garcia Veritas Elite 7' 1pc 1-3kg Spin Rod
Shimano Maikuro II Overhead Rod,Shimano Extraction 6FT 4IN Overhead Rod
Daiwa Beefstick Electric Overhead Rod 56HT,Daiwa BG Bluewater B60-4/6 Overhead Rod
Ugly Stik Bluewater II Overhead Rod 5ft 6in,Ugly Stik Bluewater 561XH 24KG/PE 5 Overhead Rod
Ocean's Legacy Stinger Inshore Spinning Rod 7ft,
Ocean's Legacy Stinger Slow Jig Overhead Rod 6ft 2in,
Shimano Tag-Em Rollered Bent Overhead Game Rod,"Shimano Tag-Em 5'7"" 2pc 37kg Rollered Bent Overhead Rod"
Shimano Tiagra Hyper Bent Butt Overhead Game Rod,"Shimano Tiagra Bent Butt 5'4"" 2 piece 37kg Overhead Rod"
Bone Combat Baitcaster Rod,"Rod Slix 1"" 6ft Baitcaster Rod"
Wilson Venom Overhead Rod,"Wilson Live Fibre 6"" 1pc 15-30kg Overhead Rod"
Shimano Speedmaster Overhead Rod,Shimano Speedmaster 2 piece PE8-10 Overhead Rod
PENN Ocean Assassin Overhead Rod,Penn Ocean Assassin 601M 10KG Overhead Rod
Shimano Grappler BB Overhead Rod,Shimano Grappler BB Type J 6' 2pc PE5 Overhead Rod
Daiwa Demon Blood Overhead Rod,Daiwa BG Bluewater B60-4/6 Overhead Rod
Assassin Vector Drone Surf Rod Heavy 12ft 6in,
Wilson Live Fibre Surf Rod 10ft 6in 2pce,
Abu Garcia Veritas Jig Overhead Rod,Abu Garcia Veritas Elite 7' 1pc 6-9kg Baitcaster Rod
Shimano Game Type J Overhead Rod,Shimano Game Type J S 6' 2 piece PE3 Overhead Rod
Nomad Seacore Slow Pitch Jigging Spinning Rod,"Nomad Slow Pitch Jig 6'3"" 1pc 20-50lb Spin Rod"
NS Black Hole Amped Jig Spinning Rod 5ft 8in PE3,
Wilson Live Fibre Overhead Rod 6'6,"Wilson Live Fibre 6"" 1pc 15-30kg Overhead Rod"
TT Red Belly Baitcaster Rod,"Rod Slix 1"" 6ft Baitcaster Rod"
Bone Black River Baitcaster Rod,Samurai Refraction Baitcaster Rod
Daiwa 20 TD Saltwater Overhead  Rod,Daiwa BG Bluewater B60-4/6 Overhead Rod
Ocean's Legacy Stinger Deep Jig Spinning Rod,Shimano T Curve Deep Jig Spinning Rod
Ocean's Legacy Soft 2 Pocket Rod Pouch,
NS Black Hole Explorer Spinning Rod,
Surecatch Bigfield Spinning Rod 9ft 2 Piece,
Bone Heartcore Spinning Rod,
Ocean's Legacy Stinger Deep Jig Overhead Rod,
Wilson Venom Swimbait Baitcast Rod 7'11 2pc,
Surecatch Bigfield Spinning Rod 10ft 6in 2 Piece,
Shimano Tiagra Hyper Overhead Game Rod,"Shimano Tiagra 7'6"" 2 piece 60kg Overhead Rod"
"Nomad Spinning Rod 6ft 3in, PE2-4 20LB-50LB",
Wilson Rod Varnish 50ml,
"Nomad Spinning Rod 7ft 6in, 20LB-30LB",
Shimano Grappler Type C Spinning Rod 8ft PE4,Shimano Grappler Type C 8' 2pc PE6 Spin Rod
"Nomad Spinning Rod 7ft 2in, 10LB-20LB",
Wilson Venom Spinning Rod 6ft6in,
Wilson Live Fibre Spinning Rod 7ft 8-15kg,Wilson Live Fibre 6' 1pc 15-30kg Spin Rod
Shimano Status Deep Drop Overhead Rod PE 8-10,"Shimano Tag-Em 5'6"" 2pc PE8 Deep Drop Overhead Rod"
Shimano Anthem Overhead Rod,"Shimano Anarchy 6'4"" 1 piece PE1-2 Overhead Rod"
"Nomad Spinning Rod 6ft, PE3-5 30LB-65LB",
Bone Black River Spinning Rod,
Mustad Neoprene Rod Tip Protectors,
Nomad Slow Overhead Rod,"Nomad Slow Pitch Jig 6'8"" 1pc 40-80lb Overhead Rod"
"Nomad Spinning Rod 7ft 4in, PE2-4 30LB-50LB",
Bone Ocean Thug Light Jigging Spinning Rod 6ft,
NS Black Hole Amped Overhead Rod,
Shimano Tag-Em Deep Drop Overhead Rod PE 8,"Shimano Tag-Em 5'6"" 2pc PE8 Deep Drop Overhead Rod"
Shimano Speedmaster Deep Drop  Overhead Rod,Shimano Speedmaster 2 piece PE8-10 Overhead Rod
